;LOAD_OF_RESOURCE;MEMORY;TOTAL_PROCESSING_POWER
1.;0.13212196685459318;0.26483124484445586;0.26483124484445775
2.;0.08728874829804043;0.3831735386164603;0.3831735386164776
3.;0.34584493419169743;0.41459574570687013;0.41459574570636987
4.;0.2416935930142685;0.28853949150990177;0.288539491509922
5.;0.10985243974851246;0.10913462170678974;0.10913462170680319
6.;0.12812148337218365;0.07010500255273645;0.07010500255274989
7.;0.17002536108413968;0.1580383832436561;0.15803838324369182
8.;0.06373952648790711;0.31463592774127125;0.31463592774126437
9.;0.27854328413234647;0.3117532843062185;0.31175328430630433
10.;0.13614834552001515;0.2885547302331616;0.2885547302332084
11.;0.28030749816544676;0.27518632762583656;0.2751863276258618
12.;0.6235710579314249;0.3963446492619795;0.3963446492619888
13.;0.21837394452799222;0.31023079755126043;0.310230797551294
14.;0.2339937781407699;0.2505123019929635;0.2505123019929903
15.;0.3132221629608513;0.27985027032246346;0.27985027032248855
16.;0.17035357474545554;0.3000602334844671;0.30006023348447847
17.;0.2823584851197947;1.575838349345308;1.5760661418144526
18.;0.24229616251085384;0.24426537731957115;0.2442653773195581
19.;0.4116783974286358;0.3637333357052884;0.3637333357053134
20.;0.3392600005475695;0.13358465302218117;0.13358465304068334
0.13212196685459318,0.26483124484445586,0.26483124484445775
0.08728874829804043,0.3831735386164603,0.3831735386164776
0.13212196685459318,0.26483124484445586,0.26483124484445775
0.13212196685459318,0.26483124484445586,0.26483124484445775
0.08728874829804043,0.3831735386164603,0.3831735386164776
0.13905082802338267,0.26402001222774485,0.26402001223203825
0.06786175716601872,0.3363824770277743,0.33637917370479103
0.3482675759980635,0.41738478333815704,0.41738478333925255
0.14016390348186403,0.22795788233818104,0.22795788233838302
0.10437020136895295,0.07605517187262391,0.07605518956885929
0.05430671002852655,0.10594511704437917,0.10594511712848782
0.26595305505811123,0.19908111092874786,0.19908113829471227
0.16385060566717277,0.2001130362194533,0.20011300414602076
0.13212196685459318,0.26483124484445586,0.26483124484445775
0.08728874829804043,0.3831735386164603,0.3831735386164776
0.34584493419169743,0.41459574570687013,0.41459574570636987
0.2416935930142685,0.28853949150990177,0.288539491509922
0.13212196685459318,0.26483124484445586,0.26483124484445775
0.08728874829804043,0.3831735386164603,0.3831735386164776
0.34584493419169743,0.41459574570687013,0.41459574570636987
0.2416935930142685,0.28853949150990177,0.288539491509922
0.10985243974851246,0.10913462170678974,0.10913462170680319
0.12812148337218365,0.07010500255273645,0.07010500255274989
0.17002536108413968,0.1580383832436561,0.15803838324369182
0.06373952648790711,0.31463592774127125,0.31463592774126437
0.27854328413234647,0.3117532843062185,0.31175328430630433
0.13212196685459318,0.26483124484445586,0.26483124484445775
0.08728874829804043,0.3831735386164603,0.3831735386164776
0.13212196685459318,0.26483124484445586,0.26483124484445775
0.08728874829804043,0.3831735386164603,0.3831735386164776
0.34584493419169743,0.41459574570687013,0.41459574570636987
0.2416935930142685,0.28853949150990177,0.288539491509922
0.10985243974851246,0.10913462170678974,0.10913462170680319
0.12812148337218365,0.07010500255273645,0.07010500255274989
0.17002536108413968,0.1580383832436561,0.15803838324369182
0.06373952648790711,0.31463592774127125,0.31463592774126437
0.27854328413234647,0.3117532843062185,0.31175328430630433
0.13614834552001515,0.2885547302331616,0.2885547302332084
0.28030749816544676,0.27518632762583656,0.2751863276258618
0.6235710579314249,0.3963446492619795,0.3963446492619888
0.21837394452799222,0.31023079755126043,0.310230797551294
0.2339937781407699,0.2505123019929635,0.2505123019929903
0.3132221629608513,0.27985027032246346,0.27985027032248855
0.17035357474545554,0.3000602334844671,0.30006023348447847
0.2823584851197947,1.575838349345308,1.5760661418144526
0.24229616251085384,0.24426537731957115,0.2442653773195581
0.4116783974286358,0.3637333357052884,0.3637333357053134
0.3392600005475695,0.13358465302218117,0.13358465304068334
0.13212196685459318,0.26483124484445586,0.26483124484445775
0.08728874829804043,0.3831735386164603,0.3831735386164776
0.34584493419169743,0.41459574570687013,0.41459574570636987
0.13212196685459318,0.26483124484445586,0.26483124484445775
0.13212196685459318,0.26483124484445586,0.26483124484445775
0.13212196685459318,0.26483124484445586,0.26483124484445775
0.13212196685459318,0.26483124484445586,0.26483124484445775
0.08728874829804043,0.3831735386164603,0.3831735386164776
0.34584493419169743,0.41459574570687013,0.41459574570636987
0.2416935930142685,0.28853949150990177,0.288539491509922
0.10985243974851246,0.10913462170678974,0.10913462170680319
0.12812148337218365,0.07010500255273645,0.07010500255274989
0.17002536108413968,0.1580383832436561,0.15803838324369182
0.06373952648790711,0.31463592774127125,0.31463592774126437
0.27854328413234647,0.3117532843062185,0.31175328430630433
0.13614834552001515,0.2885547302331616,0.2885547302332084
0.28030749816544676,0.27518632762583656,0.2751863276258618
0.6235710579314249,0.3963446492619795,0.3963446492619888
0.21837394452799222,0.31023079755126043,0.310230797551294
0.2339937781407699,0.2505123019929635,0.2505123019929903
0.3132221629608513,0.27985027032246346,0.27985027032248855
0.17035357474545554,0.3000602334844671,0.30006023348447847
0.2823584851197947,1.575838349345308,1.5760661418144526
0.24229616251085384,0.24426537731957115,0.2442653773195581
0.4116783974286358,0.3637333357052884,0.3637333357053134
0.3392600005475695,0.13358465302218117,0.13358465304068334
0.13212196685459318,0.26483124484445586,0.26483124484445775
0.08728874829804043,0.3831735386164603,0.3831735386164776
0.34584493419169743,0.41459574570687013,0.41459574570636987
0.2416935930142685,0.28853949150990177,0.288539491509922
0.10985243974851246,0.10913462170678974,0.10913462170680319
0.12812148337218365,0.07010500255273645,0.07010500255274989
0.17002536108413968,0.1580383832436561,0.15803838324369182
0.06373952648790711,0.31463592774127125,0.31463592774126437
0.27854328413234647,0.3117532843062185,0.31175328430630433
0.13614834552001515,0.2885547302331616,0.2885547302332084
0.28030749816544676,0.27518632762583656,0.2751863276258618
0.6235710579314249,0.3963446492619795,0.3963446492619888
0.21837394452799222,0.31023079755126043,0.310230797551294
0.2339937781407699,0.2505123019929635,0.2505123019929903
0.3132221629608513,0.27985027032246346,0.27985027032248855
0.17035357474545554,0.3000602334844671,0.30006023348447847
0.2823584851197947,1.575838349345308,1.5760661418144526
0.24229616251085384,0.24426537731957115,0.2442653773195581
0.4116783974286358,0.3637333357052884,0.3637333357053134
0.3392600005475695,0.13358465302218117,0.13358465304068334
0.24503135686809285,0.2989382203022622,0.2989382202834933
0.04827374030496378,0.2327559881659109,0.16505594234825585
0.3989796102127557,0.2955865509555462,0.2955865509555069
0.10130627877601633,0.4037459998111663,0.509253436895959
0.30315559798423986,0.26234536096162236,0.2623453609616538
0.2902461265487676,0.3379640055714296,0.33796400557142064
0.3752239280980074,0.26973040721617036,0.26973040721617014
0.24503135686809285,0.2989382203022622,0.2989382202834933
0.04827374030496378,0.2327559881659109,0.16505594234825585
0.3989796102127557,0.2955865509555462,0.2955865509555069
0.10130627877601633,0.4037459998111663,0.509253436895959
0.30315559798423986,0.26234536096162236,0.2623453609616538
0.2902461265487676,0.3379640055714296,0.33796400557142064
0.3752239280980074,0.26973040721617036,0.26973040721617014
0.24503135686809285,0.2989382203022622,0.2989382202834933
0.04827374030496378,0.2327559881659109,0.16505594234825585
0.3989796102127557,0.2955865509555462,0.2955865509555069
0.10130627877601633,0.4037459998111663,0.509253436895959
0.30315559798423986,0.26234536096162236,0.2623453609616538
0.2902461265487676,0.3379640055714296,0.33796400557142064
0.3752239280980074,0.26973040721617036,0.26973040721617014
0.24503135686809285,0.2989382203022622,0.2989382202834933
0.04827374030496378,0.2327559881659109,0.16505594234825585
0.3989796102127557,0.2955865509555462,0.2955865509555069
0.10130627877601633,0.4037459998111663,0.509253436895959
0.30315559798423986,0.26234536096162236,0.2623453609616538
0.2902461265487676,0.3379640055714296,0.33796400557142064
0.3752239280980074,0.26973040721617036,0.26973040721617014
0.17267387485999539,0.08942225115555089,0.08942225115437263
0.48731055155672964,0.48523197417461883,0.4852319741746209
0.2954750332042434,0.5362941832345236,0.5362941832345216
0.15845323426661612,0.22790042920804107,0.19595099612181302
0.13673636713481674,0.2534942707822362,0.2534942707847396
0.08200362156089759,0.1541378720532671,0.1541378720721682
0.18709282001888933,0.1833959217537561,0.18339592175354544
0.054941197490028765,0.2960273800475794,0.15770774498091938
0.10607407896746615,2.8039526752670048,2.5056417358770244
0.37339369599306926,0.9887066825045329,0.9964555064532602
0.025049924507561785,0.023569979108701237,0.023569979108703804
0.22204291889537667,0.3588012166056402,0.35880121660563485
0.16584476521420285,0.4828878671700541,0.35909044215139435
0.25219869645459964,0.17748402866035823,0.17748402866037072
0.15527025050437104,0.031704239264727395,0.03170423926473614
0.04511644301094396,0.1975003906111659,0.1975003906110829
0.2540177345214928,0.31402336469716136,0.314023364696954
0.25843549274553074,0.2585371171028528,0.25853711710282684
0.3214988880824993,0.37868188006122866,0.37868188006123404
0.28144023877039814,0.29679209116481325,0.29679209116485517
0.1857486175344691,0.23087529396851814,0.23087529396850573
0.3658783584645843,0.33869350257098135,0.33869350256997677
0.21300748037213613,0.6889806542311483,0.6907877369290932
4.824558165895672e-06,4.824558165895672e-06,4.824558165895672e-06,4.824558165895672e-06,4.824558165895672e-06,4.824558165895672e-06,4.824558165895672e-06,4.824558165895672e-06,4.824558165895672e-06,4.824558165895672e-06
4.824558165895672e-06,4.824558165895672e-06,4.824558165895672e-06,4.824558165895672e-06,4.824558165895672e-06,4.824558165895672e-06,4.824558165895672e-06,4.824558165895672e-06,4.824558165895672e-06,4.824558165895672e-06
4.824558165895672e-06,4.824558165895672e-06,4.824558165895672e-06
0.13729379240687864,0.20813992009105056,0.137293792406884
0.19285025265688088,0.12625516525237576,0.19285025265687386
0.2101866804037717,0.1268058565062184,0.21018668040375976
0.42783464884533845,0.38453393084961623,0.42783464884534045
0.2076963331318357,0.14266268699087042,0.20769633313181338
0.09792365452158404,0.2754446836692043,0.09792365452021419
1.0016341922381833,0.2891738232397003,1.1737694094485398
0.26601282686145,0.2532716587191727,0.2660128268614374
0.4109574631895,0.3348297449173602,0.41095744612763685
0.3149441932553861,0.24491784964308985,0.3149441932553936
0.13347541369018862,0.20747007052358105,0.13347541368972402
0.1935257844007121,0.12760437896220359,0.19352578440071175
0.20002732423468736,0.12105155333016669,0.20002732433657647
0.41902806989718006,0.38219470773971514,0.4190280698971287
0.16225201207601375,0.14698889135525275,0.16225201207600687
0.13624226104703577,0.2910106463427603,0.1362422610468945
0.22870138965424394,0.22870138965424394,0.2287012250058745
0.11588177232863163,0.11588177232863163,0.11588177232863163
0.144725279939893,0.2046518294298743,0.14472527994047535
0.13313565699065794,0.4231241915039246,0.13313565699065238
0.13347541369018862,0.20747007052358105,0.13347541368972402
0.1935257844007121,0.12760437896220359,0.19352578440071175
0.20002732423468736,0.12105155333016669,0.20002732433657647
0.39280312545127366,0.2473434562288452,0.3928031254512749
0.7012055323469546,0.09508662919521073,0.6799266276763744
0.14463420925523823,0.2734600151086661,0.14463420925561885
0.22079435439619538,0.21417156321317884,0.22079435439618544
0.3153909121594513,0.22854533284453504,0.31539091215953535
0.2653716303827123,0.186263457142988,0.26537163038222644
0.1521411179018378,0.1754851606054288,0.15214111790186793
0.1555968053715424,0.3235175156287889,0.15559680537145468
9373069551.498566,22.114126233737483,2.9531554200953703e-05
9671998105.209454,6.389637092550407,2.2252630022834405e-05
11916122497.293457,7.897602914283189,3.0337094720194823e-05
48667704933.051216,36.28258580755568,0.00011144738696662563
10683034560.797853,9.479547614029388,2.4578276119069674e-05
6173271590.463603,10.553147557855132,1.4347234419239901e-05
47909296047.7507,5.7542122349769445,7.461904232504357e-05
60924797106.24542,23.893446591365066,0.00011016600370799939
54198739679.84284,37.455634398982546,9.216372081851831e-05
11359269614.5652,7.0397145021403,2.4107183306841336e-05
5307616146.128464,4.935934069882414,1.1108500409677552e-05
9373069551.498566,22.114126233737483,2.9531554200953703e-05
9671998105.209454,6.389637092550407,2.2252630022834405e-05
9373069551.498566,22.114126233737483,2.9531554200953703e-05,55717204626.76767,19.885001807387905,0.00012742326979056642,41922344534.62595,26.091524043507093,9.754054798082667e-05,46955704131.86622,24.26919138442973,0.00011248019416670141,49944991154.754654,85.75923481069454,9.493602183643093e-05
9373069551.498566,22.114126233737483,2.9531554200953703e-05,55717204626.76767,19.885001807387905,0.00012742326979056642,41922344534.62595,26.091524043507093,9.754054798082667e-05,46955704131.86622,24.26919138442973,0.00011248019416670141,49944991154.754654,85.75923481069454,9.493602183643093e-05
9373069551.498566,22.114126233737483,2.9531554200953703e-05,55717204626.76767,19.885001807387905,0.00012742326979056642,41922344534.62595,26.091524043507093,9.754054798082667e-05,46955704131.86622,24.26919138442973,0.00011248019416670141,49944991154.754654,85.75923481069454,9.493602183643093e-05
9671998105.209454,6.389637092550407,2.2252630022834405e-05,16279171274.515924,19.71401755226731,3.939607069587245e-05,21653216410.720898,9.815838507259386,5.156691407907717e-05,15012085697.018167,4.965316059025655,3.0976185131357364e-05,10370816579.02385,40.79238686255121,0.000253564885684127
9373069551.498566,22.114126233737483,2.9531554200953703e-05,55717204626.76767,19.885001807387905
9373069551.498566,22.114126233737483,2.9531554200953703e-05,55717204626.76767,19.885001807387905
9373069551.498566,22.114126233737483,2.9531554200953703e-05,55717204626.76767,19.885001807387905
9671998105.209454,6.389637092550407,2.2252630022834405e-05,16279171274.515924,19.71401755226731
9373069551.498566,22.114126233737483,2.9531554200953703e-05,55717204626.76767,19.885001807387905
9373069551.498566,22.114126233737483,2.9531554200953703e-05,55717204626.76767,19.885001807387905
9373069551.498566,22.114126233737483,2.9531554200953703e-05,55717204626.76767,19.885001807387905
9373069551.498566,22.114126233737483,2.9531554200953703e-05,55717204626.76767,19.885001807387905
9373069551.498566,22.114126233737483,2.9531554200953703e-05,55717204626.76767,19.885001807387905
9373069551.498566,22.114126233737483,2.9531554200953703e-05,55717204626.76767,19.885001807387905
9373069551.498566,22.114126233737483,2.9531554200953703e-05,55717204626.76767,19.885001807387905
9373069551.498566,22.114126233737483,2.9531554200953703e-05,55717204626.76767,19.885001807387905
9373069551.498566,22.114126233737483,2.9531554200953703e-05,55717204626.76767,19.885001807387905
9373069551.498566,22.114126233737483,2.9531554200953703e-05,55717204626.76767,19.885001807387905
9373069551.498566,22.114126233737483,2.9531554200953703e-05,55717204626.76767,19.885001807387905
9373069551.498566,22.114126233737483,2.9531554200953703e-05,55717204626.76767,19.885001807387905
9671998105.209454,6.389637092550407,2.2252630022834405e-05,16279171274.515924,19.71401755226731
9373069551.498566,22.114126233737483,2.9531554200953703e-05,55717204626.76767,19.885001807387905
9373069551.498566,22.114126233737483,2.9531554200953703e-05,55717204626.76767,19.885001807387905
9373069551.498566,22.114126233737483,2.9531554200953703e-05,55717204626.76767,19.885001807387905
9373069551.498566,22.114126233737483,2.9531554200953703e-05,55717204626.76767,19.885001807387905,0.00012742326979056642,41922344534.62595,26.091524043507093,9.754054798082667e-05
9373069551.498566,22.114126233737483,2.9531554200953703e-05,55717204626.76767,19.885001807387905,0.00012742326979056642,41922344534.62595,26.091524043507093,9.754054798082667e-05
9373069551.498566,22.114126233737483,2.9531554200953703e-05,55717204626.76767,19.885001807387905,0.00012742326979056642,41922344534.62595,26.091524043507093,9.754054798082667e-05
9373069551.498566,22.114126233737483,2.9531554200953703e-05,55717204626.76767,19.885001807387905
9373069551.498566,22.114126233737483,2.9531554200953703e-05,55717204626.76767,19.885001807387905
9373069551.498566,22.114126233737483,2.9531554200953703e-05,55717204626.76767,19.885001807387905
9373069551.498566,22.114126233737483,2.9531554200953703e-05,55717204626.76767
9373069551.498566,22.114126233737483,2.9531554200953703e-05,55717204626.76767,19.885001807387905,0.00012742326979056642
9373069551.498566,22.114126233737483,2.9531554200953703e-05,55717204626.76767
9373069551.498566,22.114126233737483,2.9531554200953703e-05,55717204626.76767
9373069551.498566,22.114126233737483,2.9531554200953703e-05
9373069551.498566,22.114126233737483,2.9531554200953703e-05
9373069551.498566,22.114126233737483,2.9531554200953703e-05
9373069551.498566,22.114126233737483
9373069551.498566,22.114126233737483,2.9531554200953703e-05,55717204626.76767
9373069551.498566,22.114126233737483,2.9531554200953703e-05,55717204626.76767,19.885001807387905
9373069551.498566,22.114126233737483
9373069551.498566,22.114126233737483,2.9531554200953703e-05
9373069551.498566,22.114126233737483,2.9531554200953703e-05
9373069551.498566,22.114126233737483,2.9531554200953703e-05
9373069551.498566,22.114126233737483,2.9531554200953703e-05
9373069551.498566,22.114126233737483,2.9531554200953703e-05
9373069551.498566,22.114126233737483,2.9531554200953703e-05
9373069551.498566,22.114126233737483,2.9531554200953703e-05
9373069551.498566,22.114126233737483,2.9531554200953703e-05,55717204626.76767
9373069551.498566,22.114126233737483,2.9531554200953703e-05,55717204626.76767,19.885001807387905
9373069551.498566,22.114126233737483,2.9531554200953703e-05,55717204626.76767,19.885001807387905
9373069551.498566,22.114126233737483,2.9531554200953703e-05,55717204626.76767,19.885001807387905
9373069551.498566,22.114126233737483,2.9531554200953703e-05,55717204626.76767,19.885001807387905
9373069551.498566,22.114126233737483,2.9531554200953703e-05,55717204626.76767,19.885001807387905
9373069551.498566,22.114126233737483,2.9531554200953703e-05,55717204626.76767,19.885001807387905
9373069551.498566,22.114126233737483,2.9531554200953703e-05,55717204626.76767,19.885001807387905
9373069551.498566,22.114126233737483,2.9531554200953703e-05
9373069551.498566,22.114126233737483,2.9531554200953703e-05
9373069551.498566,22.114126233737483,2.9531554200953703e-05
9373069551.498566,22.114126233737483,2.9531554200953703e-05,55717204626.76767
9373069551.498566,22.114126233737483,2.9531554200953703e-05,55717204626.76767,19.885001807387905
9373069551.498566,22.114126233737483,2.9531554200953703e-05,55717204626.76767,19.885001807387905,0.00012742326979056642
9373069551.498566,22.114126233737483,2.9531554200953703e-05,55717204626.76767,19.885001807387905,0.00012742326979056642,41922344534.62595
9373069551.498566,22.114126233737483,2.9531554200953703e-05,55717204626.76767,19.885001807387905,0.00012742326979056642,41922344534.62595,26.091524043507093
9373069551.498566,22.114126233737483,2.9531554200953703e-05,55717204626.76767,19.885001807387905,0.00012742326979056642,41922344534.62595,26.091524043507093,9.754054798082667e-05
9373069551.498566,22.114126233737483
9373069551.498566,22.114126233737483
9373069551.498566,22.114126233737483
9373069551.498566,22.114126233737483
9373069551.498566
9373069551.498566,22.114126233737483,2.9531554200953703e-05,55717204626.76767,19.885001807387905,0.00012742326979056642,41922344534.62595,26.091524043507093,9.754054798082667e-05,46955704131.86622,24.26919138442973,0.00011248019416670141,49944991154.754654,85.75923481069454,9.493602183643093e-05
9373069551.498566,22.114126233737483,2.9531554200953703e-05,55717204626.76767,19.885001807387905,0.00012742326979056642,41922344534.62595,26.091524043507093,9.754054798082667e-05,46955704131.86622,24.26919138442973,0.00011248019416670141,49944991154.754654,85.75923481069454,9.493602183643093e-05
9373069551.498566,22.114126233737483,2.9531554200953703e-05,55717204626.76767,19.885001807387905,0.00012742326979056642,41922344534.62595,26.091524043507093
9373069551.498566,22.114126233737483
9373069551.498566,22.114126233737483
9373069551.498566,22.114126233737483
9373069551.498566,22.114126233737483,2.9531554200953703e-05
9671998105.209454,6.389637092550407,2.2252630022834405e-05
9373069551.498566,22.114126233737483
9373069551.498566,22.114126233737483
9373069551.498566
9373069551.498566
9373069551.498566
9373069551.498566
9373069551.498566
9373069551.498566
9373069551.498566,22.114126233737483
9373069551.498566,22.114126233737483,2.9531554200953703e-05,55717204626.76767,19.885001807387905
9671998105.209454,6.389637092550407,2.2252630022834405e-05,16279171274.515924,19.71401755226731
9373069551.498566,22.114126233737483,2.9531554200953703e-05,55717204626.76767,19.885001807387905
9373069551.498566,22.114126233737483,2.9531554200953703e-05,55717204626.76767,19.885001807387905
9671998105.209454,6.389637092550407,2.2252630022834405e-05,16279171274.515924,19.71401755226731
9373069551.498566,22.114126233737483,2.9531554200953703e-05,55717204626.76767,19.885001807387905
9671998105.209454,6.389637092550407,2.2252630022834405e-05,16279171274.515924,19.71401755226731
11916122497.293457,7.897602914283189,3.0337094720194823e-05,13594921603.553036,17.031405366994992
48667704933.051216,36.28258580755568,0.00011144738696662563,20743646226.331455,12.642781182465514
10683034560.797853,9.479547614029388,2.4578276119069674e-05,10896317293.835865,29.554774270803662
9373069551.498566,22.114126233737483,2.9531554200953703e-05,55717204626.76767,19.885001807387905
9671998105.209454,6.389637092550407,2.2252630022834405e-05,16279171274.515924,19.71401755226731
9373069551.498566,22.114126233737483,2.9531554200953703e-05,55717204626.76767,19.885001807387905
9373069551.498566,22.114126233737483,2.9531554200953703e-05,55717204626.76767,19.885001807387905
9671998105.209454,6.389637092550407,2.2252630022834405e-05,16279171274.515924,19.71401755226731
9373069551.498566,22.114126233737483,2.9531554200953703e-05,55717204626.76767,19.885001807387905
9671998105.209454,6.389637092550407,2.2252630022834405e-05,16279171274.515924,19.71401755226731
11916122497.293457,7.897602914283189,3.0337094720194823e-05,13594921603.553036,17.031405366994992
48667704933.051216,36.28258580755568,0.00011144738696662563,20743646226.331455,12.642781182465514
10683034560.797853,9.479547614029388,2.4578276119069674e-05,10896317293.835865,29.554774270803662
6173271590.463603,10.553147557855132,1.4347234419239901e-05,5418767952.369251,9.697463477570517
9373069551.498566,22.114126233737483,2.9531554200953703e-05,55717204626.76767,19.885001807387905
9671998105.209454,6.389637092550407,2.2252630022834405e-05,16279171274.515924,19.71401755226731
11916122497.293457,7.897602914283189,3.0337094720194823e-05,13594921603.553036,17.031405366994992
48667704933.051216,36.28258580755568,0.00011144738696662563,20743646226.331455,12.642781182465514
10683034560.797853,9.479547614029388,2.4578276119069674e-05,10896317293.835865,29.554774270803662
6173271590.463603,10.553147557855132,1.4347234419239901e-05,5418767952.369251,9.697463477570517
9373069551.498566,22.114126233737483,2.9531554200953703e-05,55717204626.76767
9671998105.209454,6.389637092550407,2.2252630022834405e-05,16279171274.515924
9373069551.498566,22.114126233737483,2.9531554200953703e-05,55717204626.76767
9671998105.209454,6.389637092550407,2.2252630022834405e-05,16279171274.515924
11916122497.293457,7.897602914283189,3.0337094720194823e-05,13594921603.553036
9373069551.498566,22.114126233737483,2.9531554200953703e-05,55717204626.76767
9671998105.209454,6.389637092550407,2.2252630022834405e-05,16279171274.515924
11916122497.293457,7.897602914283189,3.0337094720194823e-05,13594921603.553036
48667704933.051216,36.28258580755568,0.00011144738696662563,20743646226.331455
10683034560.797853,9.479547614029388,2.4578276119069674e-05,10896317293.835865
6173271590.463603,10.553147557855132,1.4347234419239901e-05,5418767952.369251
38593728835.47228,4.65480431958361,8.367157597084246e-05,28040743644.59619
56089362823.14878,22.65321377216301,0.0001345139596252079,32263657662.20513
50421249676.508316,37.6512173121002,0.00011238826472422272,45096307512.90158
9373069551.498566,22.114126233737483,2.9531554200953703e-05,55717204626.76767
9671998105.209454,6.389637092550407,2.2252630022834405e-05,16279171274.515924
11916122497.293457,7.897602914283189,3.0337094720194823e-05,13594921603.553036
48667704933.051216,36.28258580755568,0.00011144738696662563,20743646226.331455
10683034560.797853,9.479547614029388,2.4578276119069674e-05,10896317293.835865
6173271590.463603,10.553147557855132,1.4347234419239901e-05,5418767952.369251
9373069551.498566,22.114126233737483,2.9531554200953703e-05,55717204626.76767
9671998105.209454,6.389637092550407,2.2252630022834405e-05,16279171274.515924
11916122497.293457,7.897602914283189,3.0337094720194823e-05,13594921603.553036
48667704933.051216,36.28258580755568,0.00011144738696662563,20743646226.331455
9373069551.498566,22.114126233737483,2.9531554200953703e-05,55717204626.76767
9671998105.209454,6.389637092550407,2.2252630022834405e-05,16279171274.515924
11916122497.293457,7.897602914283189,3.0337094720194823e-05,13594921603.553036
48667704933.051216,36.28258580755568,0.00011144738696662563,20743646226.331455
10683034560.797853,9.479547614029388,2.4578276119069674e-05,10896317293.835865
6173271590.463603,10.553147557855132,1.4347234419239901e-05,5418767952.369251
9373069551.498566,22.114126233737483,2.9531554200953703e-05,55717204626.76767
9671998105.209454,6.389637092550407,2.2252630022834405e-05,16279171274.515924
11916122497.293457,7.897602914283189,3.0337094720194823e-05,13594921603.553036
48667704933.051216,36.28258580755568,0.00011144738696662563,20743646226.331455
10683034560.797853,9.479547614029388,2.4578276119069674e-05,10896317293.835865
6173271590.463603,10.553147557855132,1.4347234419239901e-05,5418767952.369251
8260965159.437927,6.940114111338129,1.2972693966544422e-05,17107709118.360054
9267857834.540224,7.616810538794917,1.9079615847146013e-05,8175089010.046495
3174648410.8745756,6.212389125436159,6.845071356079637e-06,11305018883.353563
2537693334.989432,2.632705390353118,6.1469218952634856e-06,18741616375.03926
3230773336.204333,3.1868890410373294,7.154488811390012e-06,10897876149.493656
2516841989.372488,3.0668027461374523,5.809963161861144e-06,4368581546.977428
4143677565.3215017,2.8174662695460424,5.9478531261904205e-06,25295382150.261692
8292810337.699882,5.720031569564459,1.9357615075760125e-05,29212778671.825653
14124347374.976246,9.011433937158541,3.4013602030858896e-05,18665962684.71398
11061158546.351587,8.832098873241197,2.3289266270521684e-05,27864269096.84035
13988112856.682285,4.752054942659639,2.142501293401491e-05,6638167386.6256895
6479642245.534023,5.97571383197768,1.5450287257270074e-05,3603833345.906479
3541858117.710055,2.8009939970089417,5.1743012006782174e-06,28364193320.89911
5836626995.031683,4.834772021967067,1.315936129819908e-05,9287220453.310122
9373069551.498566,22.114126233737483,2.9531554200953703e-05,55717204626.76767
9671998105.209454,6.389637092550407,2.2252630022834405e-05,16279171274.515924
11916122497.293457,7.897602914283189,3.0337094720194823e-05,13594921603.553036
48667704933.051216,36.28258580755568,0.00011144738696662563,20743646226.331455
10683034560.797853,9.479547614029388,2.4578276119069674e-05,10896317293.835865
6173271590.463603,10.553147557855132,1.4347234419239901e-05,5418767952.369251
8260965159.437927,6.940114111338129,1.2972693966544422e-05,17107709118.360054
9267857834.540224,7.616810538794917,1.9079615847146013e-05,8175089010.046495
3174648410.8745756,6.212389125436159,6.845071356079637e-06,11305018883.353563
2537693334.989432,2.632705390353118,6.1469218952634856e-06,18741616375.03926
3230773336.204333,3.1868890410373294,7.154488811390012e-06,10897876149.493656
2516841989.372488,3.0668027461374523,5.809963161861144e-06,4368581546.977428
4143677565.3215017,2.8174662695460424,5.9478531261904205e-06,25295382150.261692
8292810337.699882,5.720031569564459,1.9357615075760125e-05,29212778671.825653
14124347374.976246,9.011433937158541,3.4013602030858896e-05,18665962684.71398
11061158546.351587,8.832098873241197,2.3289266270521684e-05,27864269096.84035
13988112856.682285,4.752054942659639,2.142501293401491e-05,6638167386.6256895
6479642245.534023,5.97571383197768,1.5450287257270074e-05,3603833345.906479
3541858117.710055,2.8009939970089417,5.1743012006782174e-06,28364193320.89911
5836626995.031683,4.834772021967067,1.315936129819908e-05,9287220453.310122
9373069551.498566,22.114126233737483,2.9531554200953703e-05,55717204626.76767
9671998105.209454,6.389637092550407,2.2252630022834405e-05,16279171274.515924
106138542027.6857,89.38181625998847,0.19660219312622945,49398676055.90306
106138542027.6857,89.38181625998847,0.19660219312622945,49398676055.90306
167708508487.52216,145.34732604933018,0.19654755190889947,91555216513.80045
263269410014.90582,234.4087475584271,0.196438444816939,74296386946.963
0.1788044510180441,0.18065784102525867,0.17880445101804393,0.5643390506309912
0.14252638345614616,0.12484424314451646,0.1425263834561466,0.3297916958198497
0.20735706433776194,0.1877191040314385,0.20735706433776183,0.5447493227282163
0.11727300965884561,0.1497950560274283,0.11727300965884536,0.40303596570781774
0.18787809119774446,0.16264421952232216,0.1878780911977449,0.4884388973972454
0.3883829543731075,0.3945020039110006,0.3883829543731075,0.34491130620914195
0.47574524300733745,0.4047874381111175,0.47574524300733734,0.5071411591188079
0.5921008040285681,0.5182650718218517,0.5921008040285678,0.670767856483305
0.43885402087670206,0.3405572620217068,0.43885402087670317,0.4211585891367687
0.4019075673631737,0.24113043180487875,0.4019075673631742,0.6768206682188543
0.41036954832178507,0.3136311243983175,0.4103695483217783,0.5463551963132172
0.4163963650395914,0.2461328920754755,0.4163963650395948,0.4060225675093767
0.005905019688159838,0.011434790520520287,0.005905019688159792,0.016461610823967406
0.013644532647100794,0.02651462485146597,0.013644532647100758,0.0100760246491484
0.005905019688159838,0.011434790520520287,0.005905019688159792,0.016461610823967406,0.02015418757246164,0.016461610823967503,0.013410144261891393,0.02304166589362131
0.013644532647100794,0.02651462485146597,0.013644532647100758,0.0100760246491484,0.018013258238870664,0.010076024649148434,0.013806491051274634,0.016284199094719214
0.011855357847569187,0.01966881416839618,0.011855357847569269,0.023051841204229127,0.0657605276963056,0.02305184120422896,0.01655857897159203,0.02710559344921219
0.005905019688159838,0.011434790520520287,0.005905019688159792,0.016461610823967406,0.02015418757246164,0.016461610823967503,0.013410144261891393,0.02304166589362131
0.013644532647100794,0.02651462485146597,0.013644532647100758,0.0100760246491484,0.018013258238870664,0.010076024649148434,0.013806491051274634,0.016284199094719214
0.015642782146008966,0.02810278665274674,0.01564278214600898,0.01940344851130852,0.024125473250782157,0.01940344851130866,0.014659571641307332,0.03612371520800572
0.013205651332023095,0.024295700726703645,0.01320565133202295,0.006333292330407791,0.01340799482314094,0.006333292330407628,0.022555325683633807,0.02999248216265045
0.02807416481845092,0.04228437033818305,0.028074164818450955,0.020496655355491604,0.024354018881025005,0.020496655355491642,0.025800235542619464,0.05716277490892974
0.023133752284785414,0.04956896443363323,0.023133752284785408,0.015844306851150156,0.02870178280680044,0.015844306851150187,0.02928144970782045,0.058426017119003915
0.02866387656538836,0.03918628771993798,0.02866387656538809,0.023459741642726604,0.03531219522585211,0.02345974164272662,0.03763076986752641,0.09028035654751287
0.022371876199226558,0.06073711202374442,0.022371876199226478,0.02386518256461441,0.033247614117295696,0.023865182564614406,0.01209632977466743,0.04130332191478621
0.08881693812850935,0.08458689835044608,0.08881693812850916,0.12478302954540481,0.12634553794181183,0.12478302954540481,0.09322637437036295,0.09247233247604626
0.12708541361457476,0.12328115986780484,0.1270854136145749,0.09911481530062909,0.11027084489079633,0.09911481530062904,0.0842955111402362,0.06503913297492231
0.29628695384032766,0.27663300980530087,0.29628695384032744,0.15785875420944728,0.1674848909159017,0.15785875420944726,0.13077526021749256,0.13418772519395428
0.2860369158242195,0.22795591651143923,0.28603691582422014,0.23230568946877192,0.24381745660237764,0.23230568946877184,0.17997940363053572,0.2134467391578664
0.29628695384032766,0.27663300980530087,0.29628695384032744,0.15785875420944728,0.1674848909159017,0.15785875420944726,0.13077526021749256,0.13418772519395428
0.29628695384032766,0.27663300980530087,0.29628695384032744,0.15785875420944728,0.1674848909159017,0.15785875420944726,0.13077526021749256,0.13418772519395428
0.29628695384032766,0.27663300980530087,0.29628695384032744,0.15785875420944728,0.1674848909159017,0.15785875420944726,0.13077526021749256,0.13418772519395428
0.2860369158242195,0.22795591651143923,0.28603691582422014,0.23230568946877192,0.24381745660237764,0.23230568946877184,0.17997940363053572,0.2134467391578664
0.29628695384032766,0.27663300980530087,0.29628695384032744,0.15785875420944728,0.1674848909159017,0.15785875420944726,0.13077526021749256,0.13418772519395428
0.29628695384032766,0.27663300980530087,0.29628695384032744,0.15785875420944728,0.1674848909159017,0.15785875420944726,0.13077526021749256,0.13418772519395428
0.29628695384032766,0.27663300980530087,0.29628695384032744
0.29628695384032766,0.27663300980530087,0.29628695384032744
0.2860369158242195,0.22795591651143923,0.28603691582422014
0.27448744114316204,0.2599988563882153,0.27448744114316254
0.29091112257311214,0.2768744334643657,0.29091112257311214
0.16408857420493278,0.18579722114537417,0.16408857420493264
0.19911256294681942,0.24216455216924257,0.19911256294681998
0.386649255616759,0.23307625120238962,0.38664925561676045
0.3045059714194233,0.22177099692026367,0.3045059714194223
0.13347541369018862,0.20747007052358105,0.13347541368972402
0.1935257844007121,0.12760437896220359,0.19352578440071175
0.20002732423468736,0.12105155333016669,0.20002732433657647
0.41902806989718006,0.38219470773971514,0.4190280698971287
0.16225201207601375,0.14698889135525275,0.16225201207600687
0.13624226104703577,0.2910106463427603,0.1362422610468945
0.9107637885571277,0.2891738232397003,0.913641858505778
0.2656325299195617,0.24841890069823383,0.2656325299195655
0.42109885986331513,0.3269700329304582,0.4208812912783497
0.3305440258703245,0.2393272009719279,0.3305440258702964
0.26119088344617075,0.265575778075755,0.26119088344617664
0.28555034794454287,0.2205004980898755,0.2855503479445194
0.43768758389546764,0.23460706159662956,0.43036569573616434
0.3884266879184812,0.23833558338239083,0.38842668791846935
0.3796584737959628,0.3027805956401468,0.385248470219636
0.28913871179211326,0.22394554492281935,0.2891387117918607
1.4379097653684165,0.24867109951103433,1.3328896123328595
0.32418506992014506,0.30019262100969873,0.32418506992015
1.4053661370416342,0.23649836281670839,1.40249203135552
0.38329017726851045,0.3021752393836053,0.3832901772684432
0.13347541369018862,0.20747007052358105,0.13347541368972402
0.1935257844007121,0.12760437896220359,0.19352578440071175
0.20002732423468736,0.12105155333016669,0.20002732433657647
0.41902806989718006,0.38219470773971514,0.4190280698971287
0.16225201207601375,0.14698889135525275,0.16225201207600687
0.13624226104703577,0.2910106463427603,0.1362422610468945
0.9107637885571277,0.2891738232397003,0.913641858505778
0.2656325299195617,0.24841890069823383,0.2656325299195655
0.42109885986331513,0.3269700329304582,0.4208812912783497
0.3305440258703245,0.2393272009719279,0.3305440258702964
0.26119088344617075,0.265575778075755,0.26119088344617664
0.28555034794454287,0.2205004980898755,0.2855503479445194
0.43768758389546764,0.23460706159662956,0.43036569573616434
0.3884266879184812,0.23833558338239083,0.38842668791846935
0.3796584737959628,0.3027805956401468,0.385248470219636
0.28913871179211326,0.22394554492281935,0.2891387117918607
1.4379097653684165,0.24867109951103433,1.3328896123328595
0.32418506992014506,0.30019262100969873,0.32418506992015
1.4053661370416342,0.23649836281670839,1.40249203135552
0.38329017726851045,0.3021752393836053,0.3832901772684432
0.13347541369018862,0.20747007052358105,0.13347541368972402
0.1935257844007121,0.12760437896220359,0.19352578440071175
0.20002732423468736,0.12105155333016669,0.20002732433657647
0.41902806989718006,0.38219470773971514,0.4190280698971287
0.16225201207601375,0.14698889135525275,0.16225201207600687
0.13624226104703577,0.2910106463427603,0.1362422610468945
0.9107637885571277,0.2891738232397003,0.913641858505778
0.2656325299195617,0.24841890069823383,0.2656325299195655
0.42109885986331513,0.3269700329304582,0.4208812912783497
0.3305440258703245,0.2393272009719279,0.3305440258702964
0.26119088344617075,0.265575778075755,0.26119088344617664
0.28555034794454287,0.2205004980898755,0.2855503479445194
0.43768758389546764,0.23460706159662956,0.43036569573616434
0.3884266879184812,0.23833558338239083,0.38842668791846935
0.3796584737959628,0.3027805956401468,0.385248470219636
0.28913871179211326,0.22394554492281935,0.2891387117918607
1.4379097653684165,0.24867109951103433,1.3328896123328595
0.32418506992014506,0.30019262100969873,0.32418506992015
1.4053661370416342,0.23649836281670839,1.40249203135552
0.38329017726851045,0.3021752393836053,0.3832901772684432
0.13347541369018862,0.20747007052358105,0.13347541368972402
0.1935257844007121,0.12760437896220359,0.19352578440071175
0.20002732423468736,0.12105155333016669,0.20002732433657647
0.41902806989718006,0.38219470773971514,0.4190280698971287
0.16225201207601375,0.14698889135525275,0.16225201207600687
0.13624226104703577,0.2910106463427603,0.1362422610468945
0.9107637885571277,0.2891738232397003,0.913641858505778
0.2656325299195617,0.24841890069823383,0.2656325299195655
0.42109885986331513,0.3269700329304582,0.4208812912783497
0.3305440258703245,0.2393272009719279,0.3305440258702964
0.26119088344617075,0.265575778075755,0.26119088344617664
0.28555034794454287,0.2205004980898755,0.2855503479445194
0.43768758389546764,0.23460706159662956,0.43036569573616434
0.3884266879184812,0.23833558338239083,0.38842668791846935
0.3796584737959628,0.3027805956401468,0.385248470219636
0.28913871179211326,0.22394554492281935,0.2891387117918607
1.4379097653684165,0.24867109951103433,1.3328896123328595
0.32418506992014506,0.30019262100969873,0.32418506992015
1.4053661370416342,0.23649836281670839,1.40249203135552
0.38329017726851045,0.3021752393836053,0.3832901772684432
